brand,name,sale,priceU,salePriceU
world of sound,Наушники беспроводные A.Pods Pro для i.Phone Android,86,7000.0,975.0
BSmarty,Наушники беспроводные AirSmarty Pro для айф и Android,78,4690.0,999.0
Честный продавец,Наушники беспроводные Air Pro,92,12900.0,952.0
Xiaomi,Наушники беспроводные Air 2 для iPhone и Android,80,5050.0,993.0
BestPods,Наушники беспроводные Air 2 для iPhone и Android,80,5000.0,984.0
STIMAXON,Наушники беспроводные,59,2398.0,983.0
Me TradeMark,Наушники беспроводные A.Pods Pro 2 для iPhone Android,81,11700.0,2206.0
willstore,Наушники беспроводные APods Pro 2 копия для iPhone Android,76,9180.0,2183.0
MILDSTORE,Блютуз наушники беспроводные с шумоподавлением,91,6000.0,540.0
ForyouTop,Наушники беспроводные Air 3 для IPhone Android,80,5000.0,984.0
Lux Electronics,Наушники беспроводные с микрофоном блютуз Pro,85,10000.0,1476.0
,Наушники беспроводные airpods pro 2 копия iphone android,75,6999.0,1721.0
Xiaomi,Беспроводные наушники для андроид айфон,81,4250.0,766.0
Digital Aks,Наушники Airpods Pro 2,82,11383.0,1960.0
Игровые наушники K55,Беспроводные наушники K55 игровые с шумоподавлением,91,6890.0,620.0
FaversPods,Наушники беспроводные,78,5913.0,1260.0
Mechta Melomana,Наушники беспроводные AirPods Pro 2 для iPhone Android,81,9990.0,1802.0
electronic,Беспроводные наушники pro 5,75,2500.0,623.0
Pro2 Bass,Наушники беспроводные A.Pods Pro для iPhone Android,83,7777.0,1275.0
Me TradeMark,Наушники беспроводные A.Pods 3 и A.Pods Pro 2 Android,87,10500.0,1291.0
Balla,Наушники беспроводные Pods 2 для Android и iPhone,88,7807.0,896.0
F9…,Беспроводные наушники вакуумные,91,5170.0,465.0
eletech,Наушники беспроводные игровые с микрофоном М10,91,5010.0,450.0
BESTHOUSE,Наушники беспроводные,56,1654.0,721.0
STIMAXON,"Наушники беспроводные спортивные с шумоподавлением, кейсом",59,3798.0,1557.0
MILDSTORE,Блютуз наушники беспроводные игровые с микрофоном для пк,91,6530.0,587.0
DMS,Наушники беспроводные Air 2 для iPhone и Android,75,4063.0,999.0
Redmi,Беспроводные наушники Bluetooth,86,7319.0,960.0
ClubBB,Наушники беспроводные Air 2 для iPhone и Android с блютуз,87,6500.0,799.0
Heartbuds,Беспроводные наушники сердце,70,5397.0,1593.0
SmartSound,Беспроводные наушники Pro вакуумные с микрофоном,87,2810.0,365.0
LuxAudio,Наушники AirPods Pro 2 type-c iPhone и Android,74,8990.0,2285.0
technotop,Блютуз гарнитура для телефона беспроводная для водителя,67,3840.0,1259.0
GiViL,Наушники беспроводные спортивные для телефона и ПК,65,2290.0,794.0
LuxAudio,Наушники беспроводные AirPods 3 для iPhone и Android,84,8990.0,1400.0
Music Power,Наушники беспроводные блютуз для iphone и andriod,91,12999.0,1065.0
GiViL,Наушники беспроводные игровые с микрофоном и эквалайзером,66,2690.0,904.0
ETTA High Tech,Наушники беспроводные Air 2 для iPhone и Android,86,7500.0,1045.0
MonsterBass,Наушники беспроводные с микрофоном Air Pro,88,8710.0,999.0
technotop,Блютуз гарнитура для телефона беспроводная,58,2450.0,1024.0
Sven,Игровые наушники проводные AP-U980MV,71,7180.0,2060.0
Defender,Наушники беспроводные большие с подсветкой Bluetooth microSD,59,1898.0,778.0
Margaret,Наушники беспроводные Air 2 для iPhone и Android,86,7163.0,939.0
AppBASS,Беспроводные блютуз наушники для iphone и android,81,5080.0,916.0
QCY,Беспроводные наушники T1C In2012b,57,1249.0,533.0
SoundSystems,Беспроводные наушники Pro,76,1438.0,345.0
Hoco,Наушники беспроводные с микрофоном блютуз,79,3656.0,749.0
vulkAn,Наушники беспроводные блютуз для телефона айфон и андроид,86,10990.0,1532.0
Xiaomi,Наушники беспроводные черные Haylou X1 2023 Black,59,3570.0,1463.0
Samsung,Наушники AKG Type-C оригинал,39,1600.0,970.0
JBL,"Наушники проводные с микрофоном T110, кабель 1,2 метра наушн…",65,1690.0,577.0
TECHOZ,Наушники беспроводные для iPhone и Android,84,7100.0,1106.0
ItMajestic,Чехол для AirPods Pro 2,82,2698.0,461.0
Huawei,Наушники FreeBuds 5i,45,9284.0,5024.0
QCY,Беспроводные наушники T17 black BH21Q17Ab,50,1249.0,617.0
M28 Ушки,Наушники беспроводные с ушками,81,2450.0,463.0
Pods,Наушники беспроводные для айфона и андроид,83,5199.0,852.0
нет бренда,"Амбушюры для наушников JBL T450BT, T500BT",24,400.0,304.0
Aura Accessory,Игровые беспроводные наушники + напальчники для PUBG,86,5500.0,734.0
Hoco,Наушники беспроводные Air 2 для iPhone и Android,87,6565.0,807.0
QCY,Беспроводные наушники T17 white BH21Q17Aw,52,1249.0,593.0
Gisma,наушники беспроводные спортивные с микрофоном для телефона,87,5800.0,722.0
Airflex,Наушники беспроводные AirPods 3 для iPhone Android,87,10180.0,1252.0
JBL,"Наушники накладные беспроводные Tune 510BT, Bluetooth наушни…",75,13900.0,3419.0
Micron Tech - Микронаушники от производителя,Микронаушник магнитный Bluetooth,53,7062.0,3300.0
SZX,Наушники проводные с микрофоном,73,1235.0,333.0
Зарядка,Наушники проводные с Микрофоном,37,294.0,185.0
Mi Techno,"Наушники беспроводные спортивные с шумоподавлением, кейсом",78,5650.0,1204.0
LinElatio,Амбушюры JBL Sony,46,563.0,304.0
ЛАСКОВЫЙ ТИГРЁНОК,Беспроводные наушники Bluetooth спортивные на шею микрофон,93,9500.0,598.0
Аксессуарити,Проводные наушники с микрофоном,78,1510.0,332.0
Keysi-Headphones,Наушники беспроводные A.PODS PRO2,78,10000.0,2132.0
Sven,"Наушники беспроводные большие с микрофоном, гарнитура блютуз",75,5380.0,1323.0
Наушники беспроводные большие,Наушники большие беспроводные спортивные Bluetooth,80,4799.0,944.0
TechNeo,Наушники беспроводные блютуз для iphone андроид,93,12480.0,818.0
нет бренда,"Чехол для Marshall Major I, II BT, III, IV",39,800.0,482.0
Xiaomi,Наушники беспроводные черные Haylou GT1 2022,59,3600.0,1476.0
SIAMOI_PODS,Беспроводные наушники с чехлом,86,7100.0,931.0
JETACCESS,Игровые наушники с микрофоном большие PANTEON GHP-190,62,2180.0,822.0
GiViL,Наушники беспроводные с микрофоном и эквалайзером,67,2690.0,882.0
Fix6,Большие беспроводные наушники накладные,72,2450.0,675.0
Apods 2,Наушники беспроводные AirPods 2 для iPhone Android,76,5399.0,1283.0
QCY,Беспроводные наушники T5 white In2029Aw,62,1690.0,642.0
FXTRONIK,Наушники беспроводные Air Pro 2 для iPhone Android,88,9990.0,1146.0
BestДом,Подставка держатель для наушников,42,155.0,89.0
ЛАСКОВЫЙ ТИГРЁНОК,Наушники беспроводные ИИ Bluetooth 5.3 игровые на шею,90,10540.0,950.0
FUMIKO official store,Наушники проводные с микрофоном EP25 черные,50,290.0,145.0
Микронаушники EXCELLENT,Микронаушник Bluetooth магнитный 2-3 мм,34,5336.0,3500.0
BAOFENG,Гарнитура с прозрачным воздуховодом EP-01 для рации,70,1100.0,330.0
APods Pro2,Наушники беспроводные APods Pro 2 для iPhone Android,67,5999.0,1967.0
AcsX,Наушники беспроводные hoco EQ3 для iPhone и Android,76,4900.0,1165.0
Hoco,Беспроводные наушники спортивные ES29,72,2999.0,811.0
Xiaomi,Беспроводные наушники Xiaomi Bluetooth,86,7644.0,1002.0
GleePaul,Беспроводные наушники спортивные с микрофоном на шею,18,1000.0,820.0
WatchMe,Беспроводные наушники Air Pro для iPhone и Android,81,4135.0,745.0
Defender,Наушники беспроводные большие Bluetooth,57,1515.0,647.0
TWS3,Наушники беспроводные PRO,90,4410.0,441.0
APods 3,Наушники беспроводные AirPods 3 для iPhone Android,77,5399.0,1239.0
JETACCESS,Игровые наушники с микрофоном для ПК GHP-260,48,2000.0,1033.0
SoundPeats,Наушники для бега беспроводные блютуз вкладыши спортивные,52,5490.0,2611.0
brand,name,sale,priceU,salePriceU
BSmarty,Наушники беспроводные AirSmarty Pro для айф и Android,78,4690.0,999.0
world of sound,Наушники беспроводные A.Pods Pro для i.Phone Android,86,7000.0,975.0
MILDSTORE,Блютуз наушники беспроводные с шумоподавлением,91,6000.0,540.0
Xiaomi,Наушники беспроводные Air 2 для iPhone и Android,80,5300.0,1043.0
ForyouTop,Наушники беспроводные Air 3 для IPhone Android,75,5000.0,1230.0
Игровые наушники K55,Беспроводные наушники K55 игровые с шумоподавлением,91,6890.0,620.0
FaversPods,Наушники беспроводные,78,5913.0,1260.0
Xiaomi,Беспроводные наушники для андроид айфон,81,4250.0,766.0
FaversPods,Наушники беспроводные,86,5893.0,821.0
eletech,Наушники беспроводные игровые с микрофоном М10,91,5010.0,450.0
Xiaomi,Наушники беспроводные для iPhone и Android,93,7220.0,454.0
Xiaomi,Наушники беспроводные для iPhone и Android,93,7150.0,450.0
LuxAudio,Наушники Air Pro 2 type-c iPhone и Android,76,8990.0,2137.0
F9…,Беспроводные наушники вакуумные,91,5170.0,465.0
Heartbuds,Беспроводные наушники сердце,70,5397.0,1593.0
PrimeBuy,Наушники беспроводные для Android IOS iPhone Power Bank,82,2100.0,378.0
Sven,Игровые наушники проводные AP-U980MV,71,7180.0,2060.0
ClubBB,Наушники беспроводные Air 2 для iPhone и Android с блютуз,87,6500.0,799.0
,Наушники беспроводные APods Pro 2 копия iphone android,75,6999.0,1721.0
WillStore,Наушники беспроводные APods Pro 2 копия для iPhone Android,79,11550.0,2367.0
ETTA High Tech,Наушники беспроводные Air 2 для iPhone и Android,86,7500.0,1045.0
LuxAudio,Наушники беспроводные Air 3 для iPhone и Android,85,8990.0,1326.0
Defender,Наушники беспроводные большие с подсветкой Bluetooth microSD,59,1898.0,778.0
technotop,Блютуз гарнитура для телефона беспроводная,58,2450.0,1024.0
JBL,"Наушники проводные с микрофоном T110, кабель 1,2 метра наушн…",65,1690.0,577.0
DMS,Наушники беспроводные Air 2 для iPhone и Android,75,4063.0,999.0
MILDSTORE,Блютуз наушники беспроводные игровые с микрофоном для пк,91,6530.0,587.0
Rilvex,Беспроводная Bluetooth гарнитура для телефона,71,4742.0,1360.0
technotop,Блютуз гарнитура для телефона беспроводная для водителя,67,3840.0,1259.0
Hoco,Наушники беспроводные с микрофоном блютуз,79,3656.0,749.0
AppBASS,Беспроводные блютуз наушники для iphone и android,81,5080.0,916.0
Gisma,наушники беспроводные спортивные с микрофоном для телефона,88,5800.0,671.0
MonsterBass,Наушники беспроводные с микрофоном Air Pro,88,8710.0,999.0
QCY,Беспроводные наушники T1C In2012b,57,1249.0,533.0
BestPods,Наушники беспроводные Air 2 для iPhone и Android,80,5000.0,984.0
Margaret,Наушники беспроводные Air 2 для iPhone и Android,86,7163.0,939.0
Samsung,Наушники AKG Type-C оригинал,39,1600.0,970.0
Music Power,Наушники беспроводные блютуз для iphone и andriod,91,12999.0,1065.0
STIMAXON,Наушники беспроводные спортивные с шумоподавлением,59,2190.0,897.0
ItMajestic,Чехол для AirPods Pro 2,82,2698.0,461.0
Your-Dream,Наушники беспроводные с микрофоном для iPhone xiaomi,62,5000.0,1886.0
JETACCESS,Игровые наушники с микрофоном большие PANTEON GHP-190,62,2180.0,822.0
JBL,"Наушники накладные беспроводные Tune 510BT, Bluetooth наушни…",75,13900.0,3419.0
нет бренда,"Чехол для Marshall Major I, II BT, III, IV",39,800.0,482.0
Xiaomi,Наушники беспроводные черные Haylou GT1 2022,59,3600.0,1476.0
BESTHOUSE,Наушники беспроводные,56,1654.0,721.0
Sven,"Наушники беспроводные большие с микрофоном, гарнитура блютуз",75,5380.0,1323.0
Huawei,Наушники FreeBuds 5i,45,9284.0,5024.0
VAKER,Наушники беспроводные Air 2 для iPhone и Android,67,2411.0,790.0
Xiaomi,Наушники беспроводные черные Haylou X1 Neo Black,59,2900.0,1189.0
Fix6,Большие беспроводные наушники накладные,72,2450.0,675.0
Sven,Игровые наушники проводные с микрофоном AP-U988MV для ПК,71,7180.0,2060.0
Micron Tech - Микронаушники от производителя,Микронаушник магнитный Bluetooth,53,7062.0,3300.0
Realme,Наушники Buds Air 3S,27,3490.0,2518.0
QCY,Беспроводные наушники T17 black BH21Q17Ab,50,1249.0,617.0
Defender,Наушники беспроводные большие Bluetooth,57,1515.0,647.0
нет бренда,"Амбушюры для наушников JBL T450BT, T500BT",24,400.0,304.0
Xiaomi,Наушники беспроводные для iPhone и Android,93,7150.0,450.0
Redmi,Беспроводные наушники Bluetooth,87,7319.0,900.0
Hoco,Беспроводные наушники спортивные ES29,72,2999.0,811.0
QCY,Беспроводные наушники T17 white BH21Q17Aw,52,1249.0,593.0
STIMAXON,"Наушники беспроводные спортивные с шумоподавлением, кейсом",59,3798.0,1557.0
FUMIKO official store,Наушники проводные с микрофоном EP25 черные,50,290.0,145.0
Aura Accessory,Игровые беспроводные наушники + напальчники для PUBG,86,5500.0,734.0
Микронаушники EXCELLENT,Микронаушник Bluetooth магнитный 2-3 мм,34,5336.0,3500.0
Apods 2,Наушники беспроводные AirPods 2 для iPhone Android,76,5399.0,1283.0
LinElatio,Амбушюры JBL Sony,46,563.0,304.0
JETACCESS,Игровые наушники с микрофоном для ПК GHP-260,48,2000.0,1033.0
SZX,Наушники проводные с микрофоном,73,1235.0,333.0
Xiaomi,Наушники беспроводные Pro 5 для iPhone и Android,93,9600.0,604.0
SoundPeats,Наушники для бега беспроводные блютуз вкладыши спортивные,52,5490.0,2611.0
QCY,Беспроводные наушники T5 white In2029Aw,62,1690.0,642.0
ЛАСКОВЫЙ ТИГРЁНОК,Беспроводные наушники Bluetooth спортивные на шею микрофон,93,9500.0,598.0
SmartSound,Беспроводные наушники Pro вакуумные с микрофоном,87,2810.0,365.0
F9,Наушники беспроводные вакуумные TWS,82,2500.0,450.0
JETACCESS,Игровые наушники с микрофоном для ПК GHP-260,48,2000.0,1033.0
ЛАСКОВЫЙ ТИГРЁНОК,Наушники беспроводные ИИ Bluetooth 5.3 игровые на шею,90,10540.0,950.0
Defender,Наушники беспроводные большие ANC шумоподавление,59,3748.0,1536.0
YNIKSTORE,Наушники беспроводные A.Pods Pro 2 для iPhone Android,81,11900.0,2146.0
APods 3,Наушники беспроводные AirPods 3 для iPhone Android,77,5399.0,1239.0
Lux Electronics,Наушники беспроводные с микрофоном блютуз A.Pods 2Pro,77,10000.0,2214.0
GiViL,Наушники беспроводные с микрофоном и эквалайзером,67,2690.0,882.0
STIMAXON,Наушники беспроводные спортивные с шумоподавлением,59,2598.0,1065.0
infomicro,Микронаушник капсульный Bluetooth,22,5270.0,4105.0
PiFam,Блютуз гарнитура для телефона беспроводная для водителя,50,1000.0,495.0
Keysi-Headphones,Наушники беспроводные A.PODS PRO2,78,10000.0,2132.0
TechNeo,Наушники беспроводные блютуз для iphone андроид,93,12480.0,818.0
MixPrices,Беспроводные наушники ушки детские,82,3000.0,513.0
Аксессуарити,Проводные наушники с микрофоном,78,1510.0,332.0
Xiaomi,Беспроводные наушники Xiaomi Bluetooth,87,7644.0,940.0
Hoco,Блютуз гарнитура беспроводная наушники bluetooth S19,76,3900.0,927.0
Prods,Подставка для наушников,76,1930.0,451.0
Redragon,Игровые наушники проводные с микрофоном Hylas,59,3308.0,1356.0
TONISO,Наушники беспроводные вакуумные,78,3600.0,768.0
JFORY,Наушники беспроводные спортивные с микрофоном,76,8517.0,2025.0
TWS3,Наушники беспроводные PRO,90,4410.0,441.0
Micron Tech - Микронаушники от производителя,Комплект магнитных микронаушников,80,1550.0,310.0
MegaDeals,"Амбушюры для airpods pro и pro 2. Набор 6 штук S, M, L",71,1429.0,414.0
Havit,Беспроводные наушники TW925,18,1429.0,1171.0
,Наушники проводные с микрофоном JBL T110,64,1600.0,561.0
brand,name,sale,priceU,salePriceU
BSmarty,Наушники беспроводные AirSmarty Pro для айф и Android,78,4690.0,999.0
world of sound,Наушники беспроводные A.Pods Pro для i.Phone Android,86,7000.0,975.0
MILDSTORE,Блютуз наушники беспроводные с шумоподавлением,91,6000.0,540.0
Xiaomi,Наушники беспроводные Air 2 для iPhone и Android,80,5300.0,1043.0
ForyouTop,Наушники беспроводные Air 3 для IPhone Android,75,5000.0,1230.0
Игровые наушники K55,Беспроводные наушники K55 игровые с шумоподавлением,91,6890.0,620.0
FaversPods,Наушники беспроводные,78,5913.0,1260.0
Xiaomi,Беспроводные наушники для андроид айфон,81,4250.0,766.0
FaversPods,Наушники беспроводные,86,5893.0,821.0
eletech,Наушники беспроводные игровые с микрофоном М10,91,5010.0,450.0
Xiaomi,Наушники беспроводные для iPhone и Android,93,7220.0,454.0
Xiaomi,Наушники беспроводные для iPhone и Android,93,7150.0,450.0
F9…,Беспроводные наушники вакуумные,91,5170.0,465.0
LuxAudio,Наушники Air Pro 2 type-c iPhone и Android,76,8990.0,2137.0
Heartbuds,Беспроводные наушники сердце,70,5397.0,1593.0
PrimeBuy,Наушники беспроводные для Android IOS iPhone Power Bank,82,2100.0,378.0
Sven,Игровые наушники проводные AP-U980MV,71,7180.0,2060.0
ClubBB,Наушники беспроводные Air 2 для iPhone и Android с блютуз,87,6500.0,799.0
WillStore,Наушники беспроводные APods Pro 2 копия для iPhone Android,79,11550.0,2367.0
,Наушники беспроводные APods Pro 2 копия iphone android,75,6999.0,1721.0
ETTA High Tech,Наушники беспроводные Air 2 для iPhone и Android,86,7500.0,1045.0
LuxAudio,Наушники беспроводные Air 3 для iPhone и Android,85,8990.0,1326.0
Defender,Наушники беспроводные большие с подсветкой Bluetooth microSD,59,1898.0,778.0
technotop,Блютуз гарнитура для телефона беспроводная,58,2450.0,1024.0
JBL,"Наушники проводные с микрофоном T110, кабель 1,2 метра наушн…",65,1690.0,577.0
DMS,Наушники беспроводные Air 2 для iPhone и Android,75,4063.0,999.0
MILDSTORE,Блютуз наушники беспроводные игровые с микрофоном для пк,91,6530.0,587.0
Rilvex,Беспроводная Bluetooth гарнитура для телефона,71,4742.0,1360.0
technotop,Блютуз гарнитура для телефона беспроводная для водителя,67,3840.0,1259.0
Hoco,Наушники беспроводные с микрофоном блютуз,79,3656.0,749.0
AppBASS,Беспроводные блютуз наушники для iphone и android,81,5080.0,916.0
Gisma,наушники беспроводные спортивные с микрофоном для телефона,88,5800.0,671.0
MonsterBass,Наушники беспроводные с микрофоном Air Pro,88,8710.0,999.0
QCY,Беспроводные наушники T1C In2012b,57,1249.0,533.0
BestPods,Наушники беспроводные Air 2 для iPhone и Android,80,5000.0,984.0
Margaret,Наушники беспроводные Air 2 для iPhone и Android,86,7163.0,939.0
Samsung,Наушники AKG Type-C оригинал,39,1600.0,970.0
Music Power,Наушники беспроводные блютуз для iphone и andriod,91,12999.0,1065.0
STIMAXON,Наушники беспроводные спортивные с шумоподавлением,59,2190.0,897.0
Your-Dream,Наушники беспроводные с микрофоном для iPhone xiaomi,62,5000.0,1886.0
ItMajestic,Чехол для AirPods Pro 2,82,2698.0,461.0
JETACCESS,Игровые наушники с микрофоном большие PANTEON GHP-190,62,2180.0,822.0
JBL,"Наушники накладные беспроводные Tune 510BT, Bluetooth наушни…",75,13900.0,3419.0
нет бренда,"Чехол для Marshall Major I, II BT, III, IV",39,800.0,482.0
Xiaomi,Наушники беспроводные черные Haylou GT1 2022,59,3600.0,1476.0
BESTHOUSE,Наушники беспроводные,56,1654.0,721.0
Sven,"Наушники беспроводные большие с микрофоном, гарнитура блютуз",75,5380.0,1323.0
Huawei,Наушники FreeBuds 5i,45,9284.0,5024.0
VAKER,Наушники беспроводные Air 2 для iPhone и Android,67,2411.0,790.0
Xiaomi,Наушники беспроводные черные Haylou X1 Neo Black,59,2900.0,1189.0
Fix6,Большие беспроводные наушники накладные,72,2450.0,675.0
Sven,Игровые наушники проводные с микрофоном AP-U988MV для ПК,71,7180.0,2060.0
Micron Tech - Микронаушники от производителя,Микронаушник магнитный Bluetooth,53,7062.0,3300.0
Realme,Наушники Buds Air 3S,27,3490.0,2518.0
QCY,Беспроводные наушники T17 black BH21Q17Ab,50,1249.0,617.0
Defender,Наушники беспроводные большие Bluetooth,57,1515.0,647.0
нет бренда,"Амбушюры для наушников JBL T450BT, T500BT",24,400.0,304.0
Xiaomi,Наушники беспроводные для iPhone и Android,93,7150.0,450.0
Hoco,Беспроводные наушники спортивные ES29,72,2999.0,811.0
Redmi,Беспроводные наушники Bluetooth,87,7319.0,900.0
QCY,Беспроводные наушники T17 white BH21Q17Aw,52,1249.0,593.0
STIMAXON,"Наушники беспроводные спортивные с шумоподавлением, кейсом",59,3798.0,1557.0
FUMIKO official store,Наушники проводные с микрофоном EP25 черные,50,290.0,145.0
Aura Accessory,Игровые беспроводные наушники + напальчники для PUBG,86,5500.0,734.0
Apods 2,Наушники беспроводные AirPods 2 для iPhone Android,76,5399.0,1283.0
Микронаушники EXCELLENT,Микронаушник Bluetooth магнитный 2-3 мм,34,5336.0,3500.0
JETACCESS,Игровые наушники с микрофоном для ПК GHP-260,48,2000.0,1033.0
LinElatio,Амбушюры JBL Sony,46,563.0,304.0
SZX,Наушники проводные с микрофоном,73,1235.0,333.0
Xiaomi,Наушники беспроводные Pro 5 для iPhone и Android,93,9600.0,604.0
QCY,Беспроводные наушники T5 white In2029Aw,62,1690.0,642.0
ЛАСКОВЫЙ ТИГРЁНОК,Беспроводные наушники Bluetooth спортивные на шею микрофон,93,9500.0,598.0
SoundPeats,Наушники для бега беспроводные блютуз вкладыши спортивные,52,5490.0,2611.0
SmartSound,Беспроводные наушники Pro вакуумные с микрофоном,87,2810.0,365.0
F9,Наушники беспроводные вакуумные TWS,82,2500.0,450.0
JETACCESS,Игровые наушники с микрофоном для ПК GHP-260,48,2000.0,1033.0
ЛАСКОВЫЙ ТИГРЁНОК,Наушники беспроводные ИИ Bluetooth 5.3 игровые на шею,90,10540.0,950.0
Defender,Наушники беспроводные большие ANC шумоподавление,59,3748.0,1536.0
YNIKSTORE,Наушники беспроводные A.Pods Pro 2 для iPhone Android,81,11900.0,2146.0
APods 3,Наушники беспроводные AirPods 3 для iPhone Android,77,5399.0,1239.0
GiViL,Наушники беспроводные с микрофоном и эквалайзером,67,2690.0,882.0
Lux Electronics,Наушники беспроводные с микрофоном блютуз A.Pods 2Pro,77,10000.0,2214.0
STIMAXON,Наушники беспроводные спортивные с шумоподавлением,59,2598.0,1065.0
TechNeo,Наушники беспроводные блютуз для iphone андроид,93,12480.0,818.0
Keysi-Headphones,Наушники беспроводные A.PODS PRO2,78,10000.0,2132.0
infomicro,Микронаушник капсульный Bluetooth,22,5270.0,4105.0
Аксессуарити,Проводные наушники с микрофоном,78,1510.0,332.0
PiFam,Блютуз гарнитура для телефона беспроводная для водителя,50,1000.0,495.0
Xiaomi,Беспроводные наушники Xiaomi Bluetooth,87,7644.0,940.0
Hoco,Блютуз гарнитура беспроводная наушники bluetooth S19,76,3900.0,927.0
TONISO,Наушники беспроводные вакуумные,78,3600.0,768.0
Redragon,Игровые наушники проводные с микрофоном Hylas,59,3308.0,1356.0
Prods,Подставка для наушников,76,1930.0,451.0
JFORY,Наушники беспроводные спортивные с микрофоном,76,8517.0,2025.0
TWS3,Наушники беспроводные PRO,90,4410.0,441.0
Micron Tech - Микронаушники от производителя,Комплект магнитных микронаушников,80,1550.0,310.0
MegaDeals,"Амбушюры для airpods pro и pro 2. Набор 6 штук S, M, L",71,1429.0,414.0
,Наушники проводные с микрофоном JBL T110,64,1600.0,561.0
,Беспроводные Bluetooth наушники,79,1001.0,210.0
Havit,Беспроводные наушники TW925,18,1429.0,1171.0
